filepath,class
calm/0.jpg,calm
calm/1.jpg,calm
calm/10.jpg,calm
calm/100.jpg,calm
calm/101.jpg,calm
calm/102.jpg,calm
calm/103.jpg,calm
calm/104.jpg,calm
calm/105.jpg,calm
calm/106.jpg,calm
calm/107.jpg,calm
calm/108.jpg,calm
calm/109.jpg,calm
calm/11.jpg,calm
calm/110.jpg,calm
calm/111.jpg,calm
calm/112.jpg,calm
calm/113.jpg,calm
calm/114.jpg,calm
calm/115.jpg,calm
calm/116.jpg,calm
calm/117.jpg,calm
calm/118.jpg,calm
calm/119.jpg,calm
calm/12.jpg,calm
calm/120.jpg,calm
calm/121.jpg,calm
calm/122.jpg,calm
calm/123.jpg,calm
calm/124.jpg,calm
calm/125.jpg,calm
calm/126.jpg,calm
calm/127.jpg,calm
calm/128.jpg,calm
calm/129.jpg,calm
calm/13.jpg,calm
calm/130.jpg,calm
calm/131.jpg,calm
calm/132.jpg,calm
calm/133.jpg,calm
calm/134.jpg,calm
calm/135.jpg,calm
calm/136.jpg,calm
calm/137.jpg,calm
calm/138.jpg,calm
calm/139.jpg,calm
calm/14.jpg,calm
calm/140.jpg,calm
calm/141.jpg,calm
calm/142.jpg,calm
calm/143.jpg,calm
calm/144.jpg,calm
calm/145.jpg,calm
calm/146.jpg,calm
calm/147.jpg,calm
calm/148.jpg,calm
calm/149.jpg,calm
calm/15.jpg,calm
calm/150.jpg,calm
calm/151.jpg,calm
calm/152.jpg,calm
calm/153.jpg,calm
calm/154.jpg,calm
calm/155.jpg,calm
calm/156.jpg,calm
calm/157.jpg,calm
calm/158.jpg,calm
calm/159.jpg,calm
calm/16.jpg,calm
calm/160.jpg,calm
calm/161.jpg,calm
calm/162.jpg,calm
calm/163.jpg,calm
calm/164.jpg,calm
calm/165.jpg,calm
calm/166.jpg,calm
calm/167.jpg,calm
calm/168.jpg,calm
calm/169.jpg,calm
calm/17.jpg,calm
calm/170.jpg,calm
calm/171.jpg,calm
calm/172.jpg,calm
calm/173.jpg,calm
calm/174.jpg,calm
calm/175.jpg,calm
calm/176.jpg,calm
calm/177.jpg,calm
calm/178.jpg,calm
calm/179.jpg,calm
calm/18.jpg,calm
calm/180.jpg,calm
calm/181.jpg,calm
calm/182.jpg,calm
calm/183.jpg,calm
calm/184.jpg,calm
calm/185.jpg,calm
calm/186.jpg,calm
calm/187.jpg,calm
calm/188.jpg,calm
calm/189.jpg,calm
calm/19.jpg,calm
calm/190.jpg,calm
calm/191.jpg,calm
calm/192.jpg,calm
calm/193.jpg,calm
calm/194.jpg,calm
calm/195.jpg,calm
calm/196.jpg,calm
calm/197.jpg,calm
calm/198.jpg,calm
calm/199.jpg,calm
calm/2.jpg,calm
calm/20.jpg,calm
calm/200.jpg,calm
calm/201.jpg,calm
calm/202.jpg,calm
calm/203.jpg,calm
calm/204.jpg,calm
calm/205.jpg,calm
calm/206.jpg,calm
calm/207.jpg,calm
calm/208.jpg,calm
calm/209.jpg,calm
calm/21.jpg,calm
calm/210.jpg,calm
calm/211.jpg,calm
calm/212.jpg,calm
calm/213.jpg,calm
calm/214.jpg,calm
calm/215.jpg,calm
calm/216.jpg,calm
calm/217.jpg,calm
calm/218.jpg,calm
calm/219.jpg,calm
calm/22.jpg,calm
calm/220.jpg,calm
calm/221.jpg,calm
calm/222.jpg,calm
calm/223.jpg,calm
calm/224.jpg,calm
calm/225.jpg,calm
calm/226.jpg,calm
calm/227.jpg,calm
calm/228.jpg,calm
calm/229.jpg,calm
calm/23.jpg,calm
calm/230.jpg,calm
calm/231.jpg,calm
calm/232.jpg,calm
calm/233.jpg,calm
calm/234.jpg,calm
calm/235.jpg,calm
calm/236.jpg,calm
calm/237.jpg,calm
calm/238.jpg,calm
calm/239.jpg,calm
calm/24.jpg,calm
calm/240.jpg,calm
calm/241.jpg,calm
calm/242.jpg,calm
calm/243.jpg,calm
calm/244.jpg,calm
calm/245.jpg,calm
calm/246.jpg,calm
calm/247.jpg,calm
calm/248.jpg,calm
calm/249.jpg,calm
calm/25.jpg,calm
calm/250.jpg,calm
calm/251.jpg,calm
calm/252.jpg,calm
calm/253.jpg,calm
calm/254.jpg,calm
calm/255.jpg,calm
calm/256.jpg,calm
calm/257.jpg,calm
calm/258.jpg,calm
calm/259.jpg,calm
calm/26.jpg,calm
calm/260.jpg,calm
calm/261.jpg,calm
calm/262.jpg,calm
calm/263.jpg,calm
calm/264.jpg,calm
calm/265.jpg,calm
calm/266.jpg,calm
calm/267.jpg,calm
calm/268.jpg,calm
calm/269.jpg,calm
calm/27.jpg,calm
calm/270.jpg,calm
calm/271.jpg,calm
calm/272.jpg,calm
calm/273.jpg,calm
calm/274.jpg,calm
calm/275.jpg,calm
calm/276.jpg,calm
calm/277.jpg,calm
calm/278.jpg,calm
calm/279.jpg,calm
calm/28.jpg,calm
calm/280.jpg,calm
calm/281.jpg,calm
calm/282.jpg,calm
calm/283.jpg,calm
calm/284.jpg,calm
calm/285.jpg,calm
calm/286.jpg,calm
calm/287.jpg,calm
calm/288.jpg,calm
calm/289.jpg,calm
calm/29.jpg,calm
calm/290.jpg,calm
calm/291.jpg,calm
calm/292.jpg,calm
calm/293.jpg,calm
calm/294.jpg,calm
calm/295.jpg,calm
calm/296.jpg,calm
calm/297.jpg,calm
calm/298.jpg,calm
calm/299.jpg,calm
calm/3.jpg,calm
calm/30.jpg,calm
calm/300.jpg,calm
calm/301.jpg,calm
calm/302.jpg,calm
calm/303.jpg,calm
calm/304.jpg,calm
calm/305.jpg,calm
calm/306.jpg,calm
calm/307.jpg,calm
calm/308.jpg,calm
calm/309.jpg,calm
calm/31.jpg,calm
calm/310.jpg,calm
calm/311.jpg,calm
calm/312.jpg,calm
calm/313.jpg,calm
calm/314.jpg,calm
calm/315.jpg,calm
calm/316.jpg,calm
calm/317.jpg,calm
calm/318.jpg,calm
calm/319.jpg,calm
calm/32.jpg,calm
calm/320.jpg,calm
calm/321.jpg,calm
calm/322.jpg,calm
calm/323.jpg,calm
calm/324.jpg,calm
calm/325.jpg,calm
calm/326.jpg,calm
calm/327.jpg,calm
calm/328.jpg,calm
calm/329.jpg,calm
calm/33.jpg,calm
calm/330.jpg,calm
calm/331.jpg,calm
calm/332.jpg,calm
calm/333.jpg,calm
calm/334.jpg,calm
calm/335.jpg,calm
calm/336.jpg,calm
calm/337.jpg,calm
calm/338.jpg,calm
calm/339.jpg,calm
calm/34.jpg,calm
calm/340.jpg,calm
calm/341.jpg,calm
calm/342.jpg,calm
calm/343.jpg,calm
calm/344.jpg,calm
calm/345.jpg,calm
calm/346.jpg,calm
calm/347.jpg,calm
calm/348.jpg,calm
calm/349.jpg,calm
calm/35.jpg,calm
calm/350.jpg,calm
calm/351.jpg,calm
calm/352.jpg,calm
calm/353.jpg,calm
calm/354.jpg,calm
calm/355.jpg,calm
calm/356.jpg,calm
calm/357.jpg,calm
calm/358.jpg,calm
calm/359.jpg,calm
calm/36.jpg,calm
calm/360.jpg,calm
calm/361.jpg,calm
calm/362.jpg,calm
calm/363.jpg,calm
calm/364.jpg,calm
calm/365.jpg,calm
calm/366.jpg,calm
calm/367.jpg,calm
calm/368.jpg,calm
calm/369.jpg,calm
calm/37.jpg,calm
calm/370.jpg,calm
calm/371.jpg,calm
calm/372.jpg,calm
calm/373.jpg,calm
calm/374.jpg,calm
calm/375.jpg,calm
calm/376.jpg,calm
calm/377.jpg,calm
calm/378.jpg,calm
calm/379.jpg,calm
calm/38.jpg,calm
calm/380.jpg,calm
calm/381.jpg,calm
calm/382.jpg,calm
calm/383.jpg,calm
calm/384.jpg,calm
calm/385.jpg,calm
calm/386.jpg,calm
calm/387.jpg,calm
calm/388.jpg,calm
calm/389.jpg,calm
calm/39.jpg,calm
calm/390.jpg,calm
calm/391.jpg,calm
calm/392.jpg,calm
calm/393.jpg,calm
calm/394.jpg,calm
calm/395.jpg,calm
calm/396.jpg,calm
calm/397.jpg,calm
calm/398.jpg,calm
calm/399.jpg,calm
calm/4.jpg,calm
calm/40.jpg,calm
calm/400.jpg,calm
calm/401.jpg,calm
calm/402.jpg,calm
calm/403.jpg,calm
calm/404.jpg,calm
calm/405.jpg,calm
calm/406.jpg,calm
calm/407.jpg,calm
calm/408.jpg,calm
calm/409.jpg,calm
calm/41.jpg,calm
calm/410.jpg,calm
calm/411.jpg,calm
calm/412.jpg,calm
calm/413.jpg,calm
calm/414.jpg,calm
calm/415.jpg,calm
calm/416.jpg,calm
calm/417.jpg,calm
calm/418.jpg,calm
calm/419.jpg,calm
calm/42.jpg,calm
calm/420.jpg,calm
calm/421.jpg,calm
calm/422.jpg,calm
calm/423.jpg,calm
calm/424.jpg,calm
calm/425.jpg,calm
calm/426.jpg,calm
calm/427.jpg,calm
calm/428.jpg,calm
calm/429.jpg,calm
calm/43.jpg,calm
calm/430.jpg,calm
calm/431.jpg,calm
calm/432.jpg,calm
calm/433.jpg,calm
calm/434.jpg,calm
calm/435.jpg,calm
calm/436.jpg,calm
calm/437.jpg,calm
calm/438.jpg,calm
calm/439.jpg,calm
calm/44.jpg,calm
calm/440.jpg,calm
calm/45.jpg,calm
calm/46.jpg,calm
calm/47.jpg,calm
calm/48.jpg,calm
calm/49.jpg,calm
calm/5.jpg,calm
calm/50.jpg,calm
calm/51.jpg,calm
calm/52.jpg,calm
calm/53.jpg,calm
calm/54.jpg,calm
calm/55.jpg,calm
calm/56.jpg,calm
calm/57.jpg,calm
calm/58.jpg,calm
calm/59.jpg,calm
calm/6.jpg,calm
calm/60.jpg,calm
calm/61.jpg,calm
calm/62.jpg,calm
calm/63.jpg,calm
calm/64.jpg,calm
calm/65.jpg,calm
calm/66.jpg,calm
calm/67.jpg,calm
calm/68.jpg,calm
calm/69.jpg,calm
calm/7.jpg,calm
calm/70.jpg,calm
calm/71.jpg,calm
calm/72.jpg,calm
calm/73.jpg,calm
calm/74.jpg,calm
calm/75.jpg,calm
calm/76.jpg,calm
calm/77.jpg,calm
calm/78.jpg,calm
calm/79.jpg,calm
calm/8.jpg,calm
calm/80.jpg,calm
calm/81.jpg,calm
calm/82.jpg,calm
calm/83.jpg,calm
calm/84.jpg,calm
calm/85.jpg,calm
calm/86.jpg,calm
calm/87.jpg,calm
calm/88.jpg,calm
calm/89.jpg,calm
calm/9.jpg,calm
calm/90.jpg,calm
calm/91.jpg,calm
calm/92.jpg,calm
calm/93.jpg,calm
calm/94.jpg,calm
calm/95.jpg,calm
calm/96.jpg,calm
calm/97.jpg,calm
calm/98.jpg,calm
calm/99.jpg,calm
energetic/0.jpg,energetic
energetic/1.jpg,energetic
energetic/10.jpg,energetic
energetic/100.jpg,energetic
energetic/101.jpg,energetic
energetic/102.jpg,energetic
energetic/103.jpg,energetic
energetic/104.jpg,energetic
energetic/105.jpg,energetic
energetic/106.jpg,energetic
energetic/107.jpg,energetic
energetic/108.jpg,energetic
energetic/109.jpg,energetic
energetic/11.jpg,energetic
energetic/110.jpg,energetic
energetic/111.jpg,energetic
energetic/112.jpg,energetic
energetic/113.jpg,energetic
energetic/114.jpg,energetic
energetic/115.jpg,energetic
energetic/116.jpg,energetic
energetic/117.jpg,energetic
energetic/118.jpg,energetic
energetic/119.jpg,energetic
energetic/12.jpg,energetic
energetic/120.jpg,energetic
energetic/121.jpg,energetic
energetic/122.jpg,energetic
energetic/123.jpg,energetic
energetic/124.jpg,energetic
energetic/125.jpg,energetic
energetic/126.jpg,energetic
energetic/127.jpg,energetic
energetic/128.jpg,energetic
energetic/129.jpg,energetic
energetic/13.jpg,energetic
energetic/130.jpg,energetic
energetic/131.jpg,energetic
energetic/132.jpg,energetic
energetic/133.jpg,energetic
energetic/134.jpg,energetic
energetic/135.jpg,energetic
energetic/136.jpg,energetic
energetic/137.jpg,energetic
energetic/138.jpg,energetic
energetic/139.jpg,energetic
energetic/14.jpg,energetic
energetic/140.jpg,energetic
energetic/141.jpg,energetic
energetic/142.jpg,energetic
energetic/143.jpg,energetic
energetic/144.jpg,energetic
energetic/145.jpg,energetic
energetic/146.jpg,energetic
energetic/147.jpg,energetic
energetic/148.jpg,energetic
energetic/149.jpg,energetic
energetic/15.jpg,energetic
energetic/150.jpg,energetic
energetic/151.jpg,energetic
energetic/152.jpg,energetic
energetic/153.jpg,energetic
energetic/154.jpg,energetic
energetic/155.jpg,energetic
energetic/156.jpg,energetic
energetic/157.jpg,energetic
energetic/158.jpg,energetic
energetic/159.jpg,energetic
energetic/16.jpg,energetic
energetic/160.jpg,energetic
energetic/161.jpg,energetic
energetic/162.jpg,energetic
energetic/163.jpg,energetic
energetic/164.jpg,energetic
energetic/165.jpg,energetic
energetic/166.jpg,energetic
energetic/167.jpg,energetic
energetic/168.jpg,energetic
energetic/169.jpg,energetic
energetic/17.jpg,energetic
energetic/170.jpg,energetic
energetic/171.jpg,energetic
energetic/172.jpg,energetic
energetic/173.jpg,energetic
energetic/174.jpg,energetic
energetic/175.jpg,energetic
energetic/176.jpg,energetic
energetic/177.jpg,energetic
energetic/178.jpg,energetic
energetic/179.jpg,energetic
energetic/18.jpg,energetic
energetic/180.jpg,energetic
energetic/181.jpg,energetic
energetic/182.jpg,energetic
energetic/183.jpg,energetic
energetic/184.jpg,energetic
energetic/185.jpg,energetic
energetic/186.jpg,energetic
energetic/187.jpg,energetic
energetic/188.jpg,energetic
energetic/189.jpg,energetic
energetic/19.jpg,energetic
energetic/190.jpg,energetic
energetic/191.jpg,energetic
energetic/192.jpg,energetic
energetic/193.jpg,energetic
energetic/194.jpg,energetic
energetic/195.jpg,energetic
energetic/196.jpg,energetic
energetic/197.jpg,energetic
energetic/198.jpg,energetic
energetic/199.jpg,energetic
energetic/2.jpg,energetic
energetic/20.jpg,energetic
energetic/200.jpg,energetic
energetic/201.jpg,energetic
energetic/202.jpg,energetic
energetic/203.jpg,energetic
energetic/204.jpg,energetic
energetic/205.jpg,energetic
energetic/206.jpg,energetic
energetic/207.jpg,energetic
energetic/208.jpg,energetic
energetic/209.jpg,energetic
energetic/21.jpg,energetic
energetic/210.jpg,energetic
energetic/211.jpg,energetic
energetic/212.jpg,energetic
energetic/213.jpg,energetic
energetic/214.jpg,energetic
energetic/215.jpg,energetic
energetic/216.jpg,energetic
energetic/217.jpg,energetic
energetic/218.jpg,energetic
energetic/219.jpg,energetic
energetic/22.jpg,energetic
energetic/220.jpg,energetic
energetic/221.jpg,energetic
energetic/222.jpg,energetic
energetic/223.jpg,energetic
energetic/224.jpg,energetic
energetic/225.jpg,energetic
energetic/226.jpg,energetic
energetic/227.jpg,energetic
energetic/228.jpg,energetic
energetic/229.jpg,energetic
energetic/23.jpg,energetic
energetic/230.jpg,energetic
energetic/231.jpg,energetic
energetic/232.jpg,energetic
energetic/233.jpg,energetic
energetic/234.jpg,energetic
energetic/235.jpg,energetic
energetic/236.jpg,energetic
energetic/237.jpg,energetic
energetic/238.jpg,energetic
energetic/239.jpg,energetic
energetic/24.jpg,energetic
energetic/240.jpg,energetic
energetic/241.jpg,energetic
energetic/242.jpg,energetic
energetic/243.jpg,energetic
energetic/244.jpg,energetic
energetic/245.jpg,energetic
energetic/246.jpg,energetic
energetic/247.jpg,energetic
energetic/248.jpg,energetic
energetic/249.jpg,energetic
energetic/25.jpg,energetic
energetic/250.jpg,energetic
energetic/251.jpg,energetic
energetic/252.jpg,energetic
energetic/253.jpg,energetic
energetic/254.jpg,energetic
energetic/255.jpg,energetic
energetic/256.jpg,energetic
energetic/257.jpg,energetic
energetic/258.jpg,energetic
energetic/259.jpg,energetic
energetic/26.jpg,energetic
energetic/260.jpg,energetic
energetic/261.jpg,energetic
energetic/262.jpg,energetic
energetic/263.jpg,energetic
energetic/264.jpg,energetic
energetic/265.jpg,energetic
energetic/266.jpg,energetic
energetic/267.jpg,energetic
energetic/268.jpg,energetic
energetic/269.jpg,energetic
energetic/27.jpg,energetic
energetic/270.jpg,energetic
energetic/271.jpg,energetic
energetic/272.jpg,energetic
energetic/273.jpg,energetic
energetic/274.jpg,energetic
energetic/275.jpg,energetic
energetic/276.jpg,energetic
energetic/277.jpg,energetic
energetic/278.jpg,energetic
energetic/279.jpg,energetic
energetic/28.jpg,energetic
energetic/280.jpg,energetic
energetic/281.jpg,energetic
energetic/282.jpg,energetic
energetic/283.jpg,energetic
energetic/284.jpg,energetic
energetic/285.jpg,energetic
energetic/286.jpg,energetic
energetic/287.jpg,energetic
energetic/288.jpg,energetic
energetic/289.jpg,energetic
energetic/29.jpg,energetic
energetic/290.jpg,energetic
energetic/291.jpg,energetic
energetic/292.jpg,energetic
energetic/293.jpg,energetic
energetic/294.jpg,energetic
energetic/295.jpg,energetic
energetic/296.jpg,energetic
energetic/297.jpg,energetic
energetic/298.jpg,energetic
energetic/299.jpg,energetic
energetic/3.jpg,energetic
energetic/30.jpg,energetic
energetic/300.jpg,energetic
energetic/301.jpg,energetic
energetic/302.jpg,energetic
energetic/303.jpg,energetic
energetic/304.jpg,energetic
energetic/305.jpg,energetic
energetic/306.jpg,energetic
energetic/307.jpg,energetic
energetic/308.jpg,energetic
energetic/309.jpg,energetic
energetic/31.jpg,energetic
energetic/310.jpg,energetic
energetic/311.jpg,energetic
energetic/312.jpg,energetic
energetic/313.jpg,energetic
energetic/314.jpg,energetic
energetic/315.jpg,energetic
energetic/316.jpg,energetic
energetic/317.jpg,energetic
energetic/318.jpg,energetic
energetic/319.jpg,energetic
energetic/32.jpg,energetic
energetic/320.jpg,energetic
energetic/321.jpg,energetic
energetic/322.jpg,energetic
energetic/323.jpg,energetic
energetic/324.jpg,energetic
energetic/325.jpg,energetic
energetic/326.jpg,energetic
energetic/327.jpg,energetic
energetic/328.jpg,energetic
energetic/329.jpg,energetic
energetic/33.jpg,energetic
energetic/330.jpg,energetic
energetic/331.jpg,energetic
energetic/332.jpg,energetic
energetic/333.jpg,energetic
energetic/334.jpg,energetic
energetic/335.jpg,energetic
energetic/336.jpg,energetic
energetic/337.jpg,energetic
energetic/338.jpg,energetic
energetic/339.jpg,energetic
energetic/34.jpg,energetic
energetic/340.jpg,energetic
energetic/341.jpg,energetic
energetic/342.jpg,energetic
energetic/343.jpg,energetic
energetic/344.jpg,energetic
energetic/345.jpg,energetic
energetic/346.jpg,energetic
energetic/347.jpg,energetic
energetic/348.jpg,energetic
energetic/349.jpg,energetic
energetic/35.jpg,energetic
energetic/350.jpg,energetic
energetic/351.jpg,energetic
energetic/352.jpg,energetic
energetic/353.jpg,energetic
energetic/354.jpg,energetic
energetic/355.jpg,energetic
energetic/356.jpg,energetic
energetic/357.jpg,energetic
energetic/358.jpg,energetic
energetic/359.jpg,energetic
energetic/36.jpg,energetic
energetic/360.jpg,energetic
energetic/361.jpg,energetic
energetic/362.jpg,energetic
energetic/363.jpg,energetic
energetic/364.jpg,energetic
energetic/365.jpg,energetic
energetic/366.jpg,energetic
energetic/367.jpg,energetic
energetic/368.jpg,energetic
energetic/369.jpg,energetic
energetic/37.jpg,energetic
energetic/370.jpg,energetic
energetic/371.jpg,energetic
energetic/372.jpg,energetic
energetic/373.jpg,energetic
energetic/374.jpg,energetic
energetic/375.jpg,energetic
energetic/376.jpg,energetic
energetic/377.jpg,energetic
energetic/378.jpg,energetic
energetic/379.jpg,energetic
energetic/38.jpg,energetic
energetic/380.jpg,energetic
energetic/381.jpg,energetic
energetic/382.jpg,energetic
energetic/383.jpg,energetic
energetic/384.jpg,energetic
energetic/385.jpg,energetic
energetic/386.jpg,energetic
energetic/387.jpg,energetic
energetic/388.jpg,energetic
energetic/389.jpg,energetic
energetic/39.jpg,energetic
energetic/390.jpg,energetic
energetic/391.jpg,energetic
energetic/392.jpg,energetic
energetic/393.jpg,energetic
energetic/394.jpg,energetic
energetic/395.jpg,energetic
energetic/396.jpg,energetic
energetic/397.jpg,energetic
energetic/398.jpg,energetic
energetic/399.jpg,energetic
energetic/4.jpg,energetic
energetic/40.jpg,energetic
energetic/400.jpg,energetic
energetic/401.jpg,energetic
energetic/402.jpg,energetic
energetic/403.jpg,energetic
energetic/404.jpg,energetic
energetic/405.jpg,energetic
energetic/406.jpg,energetic
energetic/407.jpg,energetic
energetic/408.jpg,energetic
energetic/409.jpg,energetic
energetic/41.jpg,energetic
energetic/410.jpg,energetic
energetic/411.jpg,energetic
energetic/412.jpg,energetic
energetic/413.jpg,energetic
energetic/414.jpg,energetic
energetic/415.jpg,energetic
energetic/416.jpg,energetic
energetic/417.jpg,energetic
energetic/418.jpg,energetic
energetic/419.jpg,energetic
energetic/42.jpg,energetic
energetic/420.jpg,energetic
energetic/421.jpg,energetic
energetic/422.jpg,energetic
energetic/423.jpg,energetic
energetic/424.jpg,energetic
energetic/425.jpg,energetic
energetic/426.jpg,energetic
energetic/427.jpg,energetic
energetic/428.jpg,energetic
energetic/429.jpg,energetic
energetic/43.jpg,energetic
energetic/430.jpg,energetic
energetic/431.jpg,energetic
energetic/432.jpg,energetic
energetic/433.jpg,energetic
energetic/434.jpg,energetic
energetic/435.jpg,energetic
energetic/436.jpg,energetic
energetic/437.jpg,energetic
energetic/438.jpg,energetic
energetic/439.jpg,energetic
energetic/44.jpg,energetic
energetic/440.jpg,energetic
energetic/441.jpg,energetic
energetic/442.jpg,energetic
energetic/443.jpg,energetic
energetic/444.jpg,energetic
energetic/445.jpg,energetic
energetic/446.jpg,energetic
energetic/447.jpg,energetic
energetic/448.jpg,energetic
energetic/449.jpg,energetic
energetic/45.jpg,energetic
energetic/450.jpg,energetic
energetic/451.jpg,energetic
energetic/452.jpg,energetic
energetic/453.jpg,energetic
energetic/454.jpg,energetic
energetic/455.jpg,energetic
energetic/456.jpg,energetic
energetic/457.jpg,energetic
energetic/458.jpg,energetic
energetic/459.jpg,energetic
energetic/46.jpg,energetic
energetic/460.jpg,energetic
energetic/461.jpg,energetic
energetic/462.jpg,energetic
energetic/463.jpg,energetic
energetic/464.jpg,energetic
energetic/465.jpg,energetic
energetic/466.jpg,energetic
energetic/467.jpg,energetic
energetic/468.jpg,energetic
energetic/469.jpg,energetic
energetic/47.jpg,energetic
energetic/470.jpg,energetic
energetic/471.jpg,energetic
energetic/472.jpg,energetic
energetic/473.jpg,energetic
energetic/474.jpg,energetic
energetic/475.jpg,energetic
energetic/476.jpg,energetic
energetic/477.jpg,energetic
energetic/478.jpg,energetic
energetic/479.jpg,energetic
energetic/48.jpg,energetic
energetic/480.jpg,energetic
energetic/481.jpg,energetic
energetic/482.jpg,energetic
energetic/483.jpg,energetic
energetic/484.jpg,energetic
energetic/485.jpg,energetic
energetic/486.jpg,energetic
energetic/487.jpg,energetic
energetic/488.jpg,energetic
energetic/489.jpg,energetic
energetic/49.jpg,energetic
energetic/490.jpg,energetic
energetic/491.jpg,energetic
energetic/492.jpg,energetic
energetic/493.jpg,energetic
energetic/494.jpg,energetic
energetic/495.jpg,energetic
energetic/496.jpg,energetic
energetic/497.jpg,energetic
energetic/498.jpg,energetic
energetic/499.jpg,energetic
energetic/5.jpg,energetic
energetic/50.jpg,energetic
energetic/500.jpg,energetic
energetic/501.jpg,energetic
energetic/502.jpg,energetic
energetic/503.jpg,energetic
energetic/504.jpg,energetic
energetic/505.jpg,energetic
energetic/506.jpg,energetic
energetic/507.jpg,energetic
energetic/508.jpg,energetic
energetic/509.jpg,energetic
energetic/51.jpg,energetic
energetic/510.jpg,energetic
energetic/511.jpg,energetic
energetic/512.jpg,energetic
energetic/513.jpg,energetic
energetic/514.jpg,energetic
energetic/515.jpg,energetic
energetic/516.jpg,energetic
energetic/517.jpg,energetic
energetic/518.jpg,energetic
energetic/519.jpg,energetic
energetic/52.jpg,energetic
energetic/520.jpg,energetic
energetic/521.jpg,energetic
energetic/522.jpg,energetic
energetic/523.jpg,energetic
energetic/524.jpg,energetic
energetic/525.jpg,energetic
energetic/526.jpg,energetic
energetic/527.jpg,energetic
energetic/528.jpg,energetic
energetic/529.jpg,energetic
energetic/53.jpg,energetic
energetic/530.jpg,energetic
energetic/531.jpg,energetic
energetic/532.jpg,energetic
energetic/533.jpg,energetic
energetic/534.jpg,energetic
energetic/535.jpg,energetic
energetic/536.jpg,energetic
energetic/537.jpg,energetic
energetic/538.jpg,energetic
energetic/539.jpg,energetic
energetic/54.jpg,energetic
energetic/540.jpg,energetic
energetic/541.jpg,energetic
energetic/542.jpg,energetic
energetic/543.jpg,energetic
energetic/544.jpg,energetic
energetic/545.jpg,energetic
energetic/546.jpg,energetic
energetic/547.jpg,energetic
energetic/548.jpg,energetic
energetic/549.jpg,energetic
energetic/55.jpg,energetic
energetic/550.jpg,energetic
energetic/551.jpg,energetic
energetic/552.jpg,energetic
energetic/553.jpg,energetic
energetic/554.jpg,energetic
energetic/555.jpg,energetic
energetic/556.jpg,energetic
energetic/557.jpg,energetic
energetic/558.jpg,energetic
energetic/559.jpg,energetic
energetic/56.jpg,energetic
energetic/560.jpg,energetic
energetic/561.jpg,energetic
energetic/562.jpg,energetic
energetic/563.jpg,energetic
energetic/564.jpg,energetic
energetic/565.jpg,energetic
energetic/566.jpg,energetic
energetic/567.jpg,energetic
energetic/568.jpg,energetic
energetic/569.jpg,energetic
energetic/57.jpg,energetic
energetic/570.jpg,energetic
energetic/571.jpg,energetic
energetic/572.jpg,energetic
energetic/573.jpg,energetic
energetic/574.jpg,energetic
energetic/575.jpg,energetic
energetic/576.jpg,energetic
energetic/577.jpg,energetic
energetic/578.jpg,energetic
energetic/579.jpg,energetic
energetic/58.jpg,energetic
energetic/580.jpg,energetic
energetic/581.jpg,energetic
energetic/582.jpg,energetic
energetic/583.jpg,energetic
energetic/584.jpg,energetic
energetic/585.jpg,energetic
energetic/586.jpg,energetic
energetic/587.jpg,energetic
energetic/588.jpg,energetic
energetic/589.jpg,energetic
energetic/59.jpg,energetic
energetic/590.jpg,energetic
energetic/591.jpg,energetic
energetic/592.jpg,energetic
energetic/593.jpg,energetic
energetic/594.jpg,energetic
energetic/595.jpg,energetic
energetic/596.jpg,energetic
energetic/597.jpg,energetic
energetic/598.jpg,energetic
energetic/6.jpg,energetic
energetic/60.jpg,energetic
energetic/61.jpg,energetic
energetic/62.jpg,energetic
energetic/63.jpg,energetic
energetic/64.jpg,energetic
energetic/65.jpg,energetic
energetic/66.jpg,energetic
energetic/67.jpg,energetic
energetic/68.jpg,energetic
energetic/69.jpg,energetic
energetic/7.jpg,energetic
energetic/70.jpg,energetic
energetic/71.jpg,energetic
energetic/72.jpg,energetic
energetic/73.jpg,energetic
energetic/74.jpg,energetic
energetic/75.jpg,energetic
energetic/76.jpg,energetic
energetic/77.jpg,energetic
energetic/78.jpg,energetic
energetic/79.jpg,energetic
energetic/8.jpg,energetic
energetic/80.jpg,energetic
energetic/81.jpg,energetic
energetic/82.jpg,energetic
energetic/83.jpg,energetic
energetic/84.jpg,energetic
energetic/85.jpg,energetic
energetic/86.jpg,energetic
energetic/87.jpg,energetic
energetic/88.jpg,energetic
energetic/89.jpg,energetic
energetic/9.jpg,energetic
energetic/90.jpg,energetic
energetic/91.jpg,energetic
energetic/92.jpg,energetic
energetic/93.jpg,energetic
energetic/94.jpg,energetic
energetic/95.jpg,energetic
energetic/96.jpg,energetic
energetic/97.jpg,energetic
energetic/98.jpg,energetic
energetic/99.jpg,energetic
joyful/0.jpg,joyful
joyful/1.jpg,joyful
joyful/10.jpg,joyful
joyful/100.jpg,joyful
joyful/101.jpg,joyful
joyful/102.jpg,joyful
joyful/103.jpg,joyful
joyful/104.jpg,joyful
joyful/105.jpg,joyful
joyful/106.jpg,joyful
joyful/107.jpg,joyful
joyful/108.jpg,joyful
joyful/109.jpg,joyful
joyful/11.jpg,joyful
joyful/110.jpg,joyful
joyful/111.jpg,joyful
joyful/112.jpg,joyful
joyful/113.jpg,joyful
joyful/114.jpg,joyful
joyful/115.jpg,joyful
joyful/116.jpg,joyful
joyful/117.jpg,joyful
joyful/118.jpg,joyful
joyful/119.jpg,joyful
joyful/12.jpg,joyful
joyful/120.jpg,joyful
joyful/121.jpg,joyful
joyful/122.jpg,joyful
joyful/123.jpg,joyful
joyful/124.jpg,joyful
joyful/125.jpg,joyful
joyful/126.jpg,joyful
joyful/127.jpg,joyful
joyful/128.jpg,joyful
joyful/129.jpg,joyful
joyful/13.jpg,joyful
joyful/130.jpg,joyful
joyful/131.jpg,joyful
joyful/132.jpg,joyful
joyful/133.jpg,joyful
joyful/134.jpg,joyful
joyful/135.jpg,joyful
joyful/136.jpg,joyful
joyful/137.jpg,joyful
joyful/138.jpg,joyful
joyful/139.jpg,joyful
joyful/14.jpg,joyful
joyful/140.jpg,joyful
joyful/141.jpg,joyful
joyful/142.jpg,joyful
joyful/143.jpg,joyful
joyful/144.jpg,joyful
joyful/145.jpg,joyful
joyful/146.jpg,joyful
joyful/147.jpg,joyful
joyful/148.jpg,joyful
joyful/149.jpg,joyful
joyful/15.jpg,joyful
joyful/150.jpg,joyful
joyful/151.jpg,joyful
joyful/152.jpg,joyful
joyful/153.jpg,joyful
joyful/154.jpg,joyful
joyful/155.jpg,joyful
joyful/156.jpg,joyful
joyful/157.jpg,joyful
joyful/158.jpg,joyful
joyful/159.jpg,joyful
joyful/16.jpg,joyful
joyful/160.jpg,joyful
joyful/161.jpg,joyful
joyful/162.jpg,joyful
joyful/163.jpg,joyful
joyful/164.jpg,joyful
joyful/165.jpg,joyful
joyful/166.jpg,joyful
joyful/167.jpg,joyful
joyful/168.jpg,joyful
joyful/169.jpg,joyful
joyful/17.jpg,joyful
joyful/170.jpg,joyful
joyful/171.jpg,joyful
joyful/172.jpg,joyful
joyful/173.jpg,joyful
joyful/174.jpg,joyful
joyful/175.jpg,joyful
joyful/176.jpg,joyful
joyful/177.jpg,joyful
joyful/178.jpg,joyful
joyful/179.jpg,joyful
joyful/18.jpg,joyful
joyful/180.jpg,joyful
joyful/181.jpg,joyful
joyful/182.jpg,joyful
joyful/183.jpg,joyful
joyful/184.jpg,joyful
joyful/185.jpg,joyful
joyful/186.jpg,joyful
joyful/187.jpg,joyful
joyful/188.jpg,joyful
joyful/189.jpg,joyful
joyful/19.jpg,joyful
joyful/190.jpg,joyful
joyful/191.jpg,joyful
joyful/192.jpg,joyful
joyful/193.jpg,joyful
joyful/194.jpg,joyful
joyful/195.jpg,joyful
joyful/196.jpg,joyful
joyful/197.jpg,joyful
joyful/198.jpg,joyful
joyful/199.jpg,joyful
joyful/2.jpg,joyful
joyful/20.jpg,joyful
joyful/200.jpg,joyful
joyful/201.jpg,joyful
joyful/202.jpg,joyful
joyful/203.jpg,joyful
joyful/204.jpg,joyful
joyful/205.jpg,joyful
joyful/206.jpg,joyful
joyful/207.jpg,joyful
joyful/208.jpg,joyful
joyful/209.jpg,joyful
joyful/21.jpg,joyful
joyful/210.jpg,joyful
joyful/211.jpg,joyful
joyful/212.jpg,joyful
joyful/213.jpg,joyful
joyful/214.jpg,joyful
joyful/215.jpg,joyful
joyful/216.jpg,joyful
joyful/217.jpg,joyful
joyful/218.jpg,joyful
joyful/219.jpg,joyful
joyful/22.jpg,joyful
joyful/220.jpg,joyful
joyful/221.jpg,joyful
joyful/222.jpg,joyful
joyful/223.jpg,joyful
joyful/224.jpg,joyful
joyful/225.jpg,joyful
joyful/226.jpg,joyful
joyful/227.jpg,joyful
joyful/228.jpg,joyful
joyful/229.jpg,joyful
joyful/23.jpg,joyful
joyful/230.jpg,joyful
joyful/231.jpg,joyful
joyful/232.jpg,joyful
joyful/233.jpg,joyful
joyful/234.jpg,joyful
joyful/235.jpg,joyful
joyful/236.jpg,joyful
joyful/237.jpg,joyful
joyful/238.jpg,joyful
joyful/239.jpg,joyful
joyful/24.jpg,joyful
joyful/240.jpg,joyful
joyful/241.jpg,joyful
joyful/242.jpg,joyful
joyful/243.jpg,joyful
joyful/244.jpg,joyful
joyful/245.jpg,joyful
joyful/246.jpg,joyful
joyful/247.jpg,joyful
joyful/248.jpg,joyful
joyful/249.jpg,joyful
joyful/25.jpg,joyful
joyful/250.jpg,joyful
joyful/251.jpg,joyful
joyful/252.jpg,joyful
joyful/253.jpg,joyful
joyful/254.jpg,joyful
joyful/255.jpg,joyful
joyful/256.jpg,joyful
joyful/257.jpg,joyful
joyful/258.jpg,joyful
joyful/259.jpg,joyful
joyful/26.jpg,joyful
joyful/260.jpg,joyful
joyful/261.jpg,joyful
joyful/262.jpg,joyful
joyful/263.jpg,joyful
joyful/264.jpg,joyful
joyful/265.jpg,joyful
joyful/266.jpg,joyful
joyful/267.jpg,joyful
joyful/268.jpg,joyful
joyful/269.jpg,joyful
joyful/27.jpg,joyful
joyful/270.jpg,joyful
joyful/271.jpg,joyful
joyful/272.jpg,joyful
joyful/273.jpg,joyful
joyful/274.jpg,joyful
joyful/275.jpg,joyful
joyful/276.jpg,joyful
joyful/277.jpg,joyful
joyful/278.jpg,joyful
joyful/279.jpg,joyful
joyful/28.jpg,joyful
joyful/280.jpg,joyful
joyful/281.jpg,joyful
joyful/282.jpg,joyful
joyful/283.jpg,joyful
joyful/284.jpg,joyful
joyful/285.jpg,joyful
joyful/286.jpg,joyful
joyful/287.jpg,joyful
joyful/288.jpg,joyful
joyful/289.jpg,joyful
joyful/29.jpg,joyful
joyful/290.jpg,joyful
joyful/291.jpg,joyful
joyful/292.jpg,joyful
joyful/293.jpg,joyful
joyful/294.jpg,joyful
joyful/295.jpg,joyful
joyful/296.jpg,joyful
joyful/297.jpg,joyful
joyful/298.jpg,joyful
joyful/299.jpg,joyful
joyful/3.jpg,joyful
joyful/30.jpg,joyful
joyful/300.jpg,joyful
joyful/301.jpg,joyful
joyful/302.jpg,joyful
joyful/303.jpg,joyful
joyful/304.jpg,joyful
joyful/305.jpg,joyful
joyful/306.jpg,joyful
joyful/307.jpg,joyful
joyful/308.jpg,joyful
joyful/309.jpg,joyful
joyful/31.jpg,joyful
joyful/310.jpg,joyful
joyful/311.jpg,joyful
joyful/312.jpg,joyful
joyful/313.jpg,joyful
joyful/314.jpg,joyful
joyful/315.jpg,joyful
joyful/316.jpg,joyful
joyful/317.jpg,joyful
joyful/318.jpg,joyful
joyful/319.jpg,joyful
joyful/32.jpg,joyful
joyful/320.jpg,joyful
joyful/321.jpg,joyful
joyful/322.jpg,joyful
joyful/323.jpg,joyful
joyful/324.jpg,joyful
joyful/325.jpg,joyful
joyful/326.jpg,joyful
joyful/327.jpg,joyful
joyful/328.jpg,joyful
joyful/329.jpg,joyful
joyful/33.jpg,joyful
joyful/330.jpg,joyful
joyful/331.jpg,joyful
joyful/332.jpg,joyful
joyful/333.jpg,joyful
joyful/334.jpg,joyful
joyful/335.jpg,joyful
joyful/336.jpg,joyful
joyful/337.jpg,joyful
joyful/338.jpg,joyful
joyful/339.jpg,joyful
joyful/34.jpg,joyful
joyful/340.jpg,joyful
joyful/341.jpg,joyful
joyful/342.jpg,joyful
joyful/343.jpg,joyful
joyful/344.jpg,joyful
joyful/345.jpg,joyful
joyful/346.jpg,joyful
joyful/347.jpg,joyful
joyful/348.jpg,joyful
joyful/349.jpg,joyful
joyful/35.jpg,joyful
joyful/350.jpg,joyful
joyful/351.jpg,joyful
joyful/352.jpg,joyful
joyful/353.jpg,joyful
joyful/354.jpg,joyful
joyful/355.jpg,joyful
joyful/356.jpg,joyful
joyful/357.jpg,joyful
joyful/358.jpg,joyful
joyful/359.jpg,joyful
joyful/36.jpg,joyful
joyful/360.jpg,joyful
joyful/361.jpg,joyful
joyful/362.jpg,joyful
joyful/363.jpg,joyful
joyful/364.jpg,joyful
joyful/365.jpg,joyful
joyful/366.jpg,joyful
joyful/367.jpg,joyful
joyful/368.jpg,joyful
joyful/369.jpg,joyful
joyful/37.jpg,joyful
joyful/370.jpg,joyful
joyful/371.jpg,joyful
joyful/372.jpg,joyful
joyful/373.jpg,joyful
joyful/374.jpg,joyful
joyful/375.jpg,joyful
joyful/376.jpg,joyful
joyful/377.jpg,joyful
joyful/378.jpg,joyful
joyful/379.jpg,joyful
joyful/38.jpg,joyful
joyful/380.jpg,joyful
joyful/381.jpg,joyful
joyful/382.jpg,joyful
joyful/383.jpg,joyful
joyful/384.jpg,joyful
joyful/385.jpg,joyful
joyful/386.jpg,joyful
joyful/387.jpg,joyful
joyful/388.jpg,joyful
joyful/389.jpg,joyful
joyful/39.jpg,joyful
joyful/390.jpg,joyful
joyful/391.jpg,joyful
joyful/392.jpg,joyful
joyful/393.jpg,joyful
joyful/394.jpg,joyful
joyful/395.jpg,joyful
joyful/396.jpg,joyful
joyful/397.jpg,joyful
joyful/398.jpg,joyful
joyful/399.jpg,joyful
joyful/4.jpg,joyful
joyful/40.jpg,joyful
joyful/400.jpg,joyful
joyful/401.jpg,joyful
joyful/402.jpg,joyful
joyful/403.jpg,joyful
joyful/404.jpg,joyful
joyful/405.jpg,joyful
joyful/406.jpg,joyful
joyful/407.jpg,joyful
joyful/408.jpg,joyful
joyful/409.jpg,joyful
joyful/41.jpg,joyful
joyful/410.jpg,joyful
joyful/411.jpg,joyful
joyful/412.jpg,joyful
joyful/413.jpg,joyful
joyful/414.jpg,joyful
joyful/415.jpg,joyful
joyful/416.jpg,joyful
joyful/417.jpg,joyful
joyful/418.jpg,joyful
joyful/419.jpg,joyful
joyful/42.jpg,joyful
joyful/420.jpg,joyful
joyful/421.jpg,joyful
joyful/422.jpg,joyful
joyful/423.jpg,joyful
joyful/424.jpg,joyful
joyful/425.jpg,joyful
joyful/426.jpg,joyful
joyful/427.jpg,joyful
joyful/428.jpg,joyful
joyful/429.jpg,joyful
joyful/43.jpg,joyful
joyful/430.jpg,joyful
joyful/431.jpg,joyful
joyful/432.jpg,joyful
joyful/433.jpg,joyful
joyful/434.jpg,joyful
joyful/435.jpg,joyful
joyful/436.jpg,joyful
joyful/437.jpg,joyful
joyful/438.jpg,joyful
joyful/439.jpg,joyful
joyful/44.jpg,joyful
joyful/440.jpg,joyful
joyful/441.jpg,joyful
joyful/442.jpg,joyful
joyful/443.jpg,joyful
joyful/444.jpg,joyful
joyful/445.jpg,joyful
joyful/446.jpg,joyful
joyful/447.jpg,joyful
joyful/448.jpg,joyful
joyful/449.jpg,joyful
joyful/45.jpg,joyful
joyful/450.jpg,joyful
joyful/451.jpg,joyful
joyful/452.jpg,joyful
joyful/453.jpg,joyful
joyful/454.jpg,joyful
joyful/455.jpg,joyful
joyful/456.jpg,joyful
joyful/457.jpg,joyful
joyful/458.jpg,joyful
joyful/459.jpg,joyful
joyful/46.jpg,joyful
joyful/460.jpg,joyful
joyful/461.jpg,joyful
joyful/462.jpg,joyful
joyful/463.jpg,joyful
joyful/464.jpg,joyful
joyful/465.jpg,joyful
joyful/466.jpg,joyful
joyful/467.jpg,joyful
joyful/468.jpg,joyful
joyful/469.jpg,joyful
joyful/47.jpg,joyful
joyful/470.jpg,joyful
joyful/471.jpg,joyful
joyful/472.jpg,joyful
joyful/473.jpg,joyful
joyful/474.jpg,joyful
joyful/475.jpg,joyful
joyful/476.jpg,joyful
joyful/477.jpg,joyful
joyful/478.jpg,joyful
joyful/479.jpg,joyful
joyful/48.jpg,joyful
joyful/480.jpg,joyful
joyful/481.jpg,joyful
joyful/482.jpg,joyful
joyful/483.jpg,joyful
joyful/484.jpg,joyful
joyful/485.jpg,joyful
joyful/486.jpg,joyful
joyful/487.jpg,joyful
joyful/488.jpg,joyful
joyful/489.jpg,joyful
joyful/49.jpg,joyful
joyful/490.jpg,joyful
joyful/491.jpg,joyful
joyful/492.jpg,joyful
joyful/493.jpg,joyful
joyful/494.jpg,joyful
joyful/495.jpg,joyful
joyful/496.jpg,joyful
joyful/497.jpg,joyful
joyful/498.jpg,joyful
joyful/499.jpg,joyful
joyful/5.jpg,joyful
joyful/50.jpg,joyful
joyful/500.jpg,joyful
joyful/501.jpg,joyful
joyful/502.jpg,joyful
joyful/503.jpg,joyful
joyful/504.jpg,joyful
joyful/505.jpg,joyful
joyful/506.jpg,joyful
joyful/507.jpg,joyful
joyful/508.jpg,joyful
joyful/509.jpg,joyful
joyful/51.jpg,joyful
joyful/510.jpg,joyful
joyful/511.jpg,joyful
joyful/512.jpg,joyful
joyful/513.jpg,joyful
joyful/514.jpg,joyful
joyful/515.jpg,joyful
joyful/516.jpg,joyful
joyful/517.jpg,joyful
joyful/518.jpg,joyful
joyful/519.jpg,joyful
joyful/52.jpg,joyful
joyful/520.jpg,joyful
joyful/521.jpg,joyful
joyful/522.jpg,joyful
joyful/523.jpg,joyful
joyful/524.jpg,joyful
joyful/525.jpg,joyful
joyful/526.jpg,joyful
joyful/527.jpg,joyful
joyful/528.jpg,joyful
joyful/529.jpg,joyful
joyful/53.jpg,joyful
joyful/530.jpg,joyful
joyful/531.jpg,joyful
joyful/532.jpg,joyful
joyful/533.jpg,joyful
joyful/534.jpg,joyful
joyful/535.jpg,joyful
joyful/536.jpg,joyful
joyful/537.jpg,joyful
joyful/538.jpg,joyful
joyful/539.jpg,joyful
joyful/54.jpg,joyful
joyful/540.jpg,joyful
joyful/541.jpg,joyful
joyful/542.jpg,joyful
joyful/543.jpg,joyful
joyful/544.jpg,joyful
joyful/545.jpg,joyful
joyful/546.jpg,joyful
joyful/547.jpg,joyful
joyful/548.jpg,joyful
joyful/549.jpg,joyful
joyful/55.jpg,joyful
joyful/550.jpg,joyful
joyful/551.jpg,joyful
joyful/552.jpg,joyful
joyful/553.jpg,joyful
joyful/554.jpg,joyful
joyful/555.jpg,joyful
joyful/556.jpg,joyful
joyful/557.jpg,joyful
joyful/558.jpg,joyful
joyful/559.jpg,joyful
joyful/56.jpg,joyful
joyful/560.jpg,joyful
joyful/561.jpg,joyful
joyful/562.jpg,joyful
joyful/563.jpg,joyful
joyful/564.jpg,joyful
joyful/565.jpg,joyful
joyful/566.jpg,joyful
joyful/567.jpg,joyful
joyful/568.jpg,joyful
joyful/569.jpg,joyful
joyful/57.jpg,joyful
joyful/570.jpg,joyful
joyful/571.jpg,joyful
joyful/572.jpg,joyful
joyful/573.jpg,joyful
joyful/574.jpg,joyful
joyful/575.jpg,joyful
joyful/576.jpg,joyful
joyful/577.jpg,joyful
joyful/578.jpg,joyful
joyful/579.jpg,joyful
joyful/58.jpg,joyful
joyful/580.jpg,joyful
joyful/581.jpg,joyful
joyful/582.jpg,joyful
joyful/583.jpg,joyful
joyful/584.jpg,joyful
joyful/585.jpg,joyful
joyful/586.jpg,joyful
joyful/587.jpg,joyful
joyful/588.jpg,joyful
joyful/589.jpg,joyful
joyful/59.jpg,joyful
joyful/590.jpg,joyful
joyful/591.jpg,joyful
joyful/592.jpg,joyful
joyful/593.jpg,joyful
joyful/594.jpg,joyful
joyful/595.jpg,joyful
joyful/596.jpg,joyful
joyful/597.jpg,joyful
joyful/598.jpg,joyful
joyful/599.jpg,joyful
joyful/6.jpg,joyful
joyful/60.jpg,joyful
joyful/600.jpg,joyful
joyful/601.jpg,joyful
joyful/602.jpg,joyful
joyful/603.jpg,joyful
joyful/604.jpg,joyful
joyful/605.jpg,joyful
joyful/606.jpg,joyful
joyful/607.jpg,joyful
joyful/608.jpg,joyful
joyful/609.jpg,joyful
joyful/61.jpg,joyful
joyful/610.jpg,joyful
joyful/611.jpg,joyful
joyful/612.jpg,joyful
joyful/613.jpg,joyful
joyful/614.jpg,joyful
joyful/615.jpg,joyful
joyful/616.jpg,joyful
joyful/617.jpg,joyful
joyful/618.jpg,joyful
joyful/619.jpg,joyful
joyful/62.jpg,joyful
joyful/620.jpg,joyful
joyful/621.jpg,joyful
joyful/622.jpg,joyful
joyful/623.jpg,joyful
joyful/63.jpg,joyful
joyful/64.jpg,joyful
joyful/65.jpg,joyful
joyful/66.jpg,joyful
joyful/67.jpg,joyful
joyful/68.jpg,joyful
joyful/69.jpg,joyful
joyful/7.jpg,joyful
joyful/70.jpg,joyful
joyful/71.jpg,joyful
joyful/72.jpg,joyful
joyful/73.jpg,joyful
joyful/74.jpg,joyful
joyful/75.jpg,joyful
joyful/76.jpg,joyful
joyful/77.jpg,joyful
joyful/78.jpg,joyful
joyful/79.jpg,joyful
joyful/8.jpg,joyful
joyful/80.jpg,joyful
joyful/81.jpg,joyful
joyful/82.jpg,joyful
joyful/83.jpg,joyful
joyful/84.jpg,joyful
joyful/85.jpg,joyful
joyful/86.jpg,joyful
joyful/87.jpg,joyful
joyful/88.jpg,joyful
joyful/89.jpg,joyful
joyful/9.jpg,joyful
joyful/90.jpg,joyful
joyful/91.jpg,joyful
joyful/92.jpg,joyful
joyful/93.jpg,joyful
joyful/94.jpg,joyful
joyful/95.jpg,joyful
joyful/96.jpg,joyful
joyful/97.jpg,joyful
joyful/98.jpg,joyful
joyful/99.jpg,joyful
love/0.jpg,love
love/1.jpg,love
love/10.jpg,love
love/100.jpg,love
love/101.jpg,love
love/102.jpg,love
love/103.jpg,love
love/104.jpg,love
love/105.jpg,love
love/106.jpg,love
love/107.jpg,love
love/108.jpg,love
love/109.jpg,love
love/11.jpg,love
love/110.jpg,love
love/111.jpg,love
love/112.jpg,love
love/113.jpg,love
love/114.jpg,love
love/115.jpg,love
love/116.jpg,love
love/117.jpg,love
love/118.jpg,love
love/119.jpg,love
love/12.jpg,love
love/120.jpg,love
love/121.jpg,love
love/122.jpg,love
love/123.jpg,love
love/124.jpg,love
love/125.jpg,love
love/126.jpg,love
love/127.jpg,love
love/128.jpg,love
love/129.jpg,love
love/13.jpg,love
love/130.jpg,love
love/131.jpg,love
love/132.jpg,love
love/133.jpg,love
love/134.jpg,love
love/135.jpg,love
love/136.jpg,love
love/137.jpg,love
love/138.jpg,love
love/139.jpg,love
love/14.jpg,love
love/140.jpg,love
love/141.jpg,love
love/142.jpg,love
love/143.jpg,love
love/144.jpg,love
love/145.jpg,love
love/146.jpg,love
love/147.jpg,love
love/148.jpg,love
love/149.jpg,love
love/15.jpg,love
love/150.jpg,love
love/151.jpg,love
love/152.jpg,love
love/153.jpg,love
love/154.jpg,love
love/155.jpg,love
love/156.jpg,love
love/157.jpg,love
love/158.jpg,love
love/159.jpg,love
love/16.jpg,love
love/160.jpg,love
love/161.jpg,love
love/162.jpg,love
love/163.jpg,love
love/164.jpg,love
love/165.jpg,love
love/166.jpg,love
love/167.jpg,love
love/168.jpg,love
love/169.jpg,love
love/17.jpg,love
love/170.jpg,love
love/171.jpg,love
love/172.jpg,love
love/173.jpg,love
love/174.jpg,love
love/175.jpg,love
love/176.jpg,love
love/177.jpg,love
love/178.jpg,love
love/179.jpg,love
love/18.jpg,love
love/180.jpg,love
love/181.jpg,love
love/182.jpg,love
love/183.jpg,love
love/184.jpg,love
love/185.jpg,love
love/186.jpg,love
love/187.jpg,love
love/188.jpg,love
love/189.jpg,love
love/19.jpg,love
love/190.jpg,love
love/191.jpg,love
love/192.jpg,love
love/193.jpg,love
love/194.jpg,love
love/195.jpg,love
love/196.jpg,love
love/197.jpg,love
love/198.jpg,love
love/199.jpg,love
love/2.jpg,love
love/20.jpg,love
love/200.jpg,love
love/201.jpg,love
love/202.jpg,love
love/203.jpg,love
love/204.jpg,love
love/205.jpg,love
love/206.jpg,love
love/207.jpg,love
love/208.jpg,love
love/209.jpg,love
love/21.jpg,love
love/210.jpg,love
love/211.jpg,love
love/212.jpg,love
love/213.jpg,love
love/214.jpg,love
love/215.jpg,love
love/216.jpg,love
love/217.jpg,love
love/218.jpg,love
love/219.jpg,love
love/22.jpg,love
love/220.jpg,love
love/221.jpg,love
love/222.jpg,love
love/223.jpg,love
love/224.jpg,love
love/225.jpg,love
love/226.jpg,love
love/227.jpg,love
love/228.jpg,love
love/229.jpg,love
love/23.jpg,love
love/230.jpg,love
love/231.jpg,love
love/232.jpg,love
love/233.jpg,love
love/234.jpg,love
love/235.jpg,love
love/236.jpg,love
love/237.jpg,love
love/238.jpg,love
love/239.jpg,love
love/24.jpg,love
love/240.jpg,love
love/241.jpg,love
love/242.jpg,love
love/243.jpg,love
love/244.jpg,love
love/245.jpg,love
love/246.jpg,love
love/247.jpg,love
love/248.jpg,love
love/249.jpg,love
love/25.jpg,love
love/250.jpg,love
love/251.jpg,love
love/252.jpg,love
love/253.jpg,love
love/254.jpg,love
love/255.jpg,love
love/256.jpg,love
love/257.jpg,love
love/258.jpg,love
love/259.jpg,love
love/26.jpg,love
love/260.jpg,love
love/261.jpg,love
love/262.jpg,love
love/263.jpg,love
love/264.jpg,love
love/265.jpg,love
love/266.jpg,love
love/267.jpg,love
love/268.jpg,love
love/269.jpg,love
love/27.jpg,love
love/270.jpg,love
love/271.jpg,love
love/272.jpg,love
love/273.jpg,love
love/274.jpg,love
love/275.jpg,love
love/276.jpg,love
love/277.jpg,love
love/278.jpg,love
love/279.jpg,love
love/28.jpg,love
love/280.jpg,love
love/281.jpg,love
love/282.jpg,love
love/283.jpg,love
love/284.jpg,love
love/285.jpg,love
love/286.jpg,love
love/287.jpg,love
love/288.jpg,love
love/289.jpg,love
love/29.jpg,love
love/290.jpg,love
love/291.jpg,love
love/292.jpg,love
love/293.jpg,love
love/294.jpg,love
love/295.jpg,love
love/296.jpg,love
love/297.jpg,love
love/298.jpg,love
love/299.jpg,love
love/3.jpg,love
love/30.jpg,love
love/300.jpg,love
love/301.jpg,love
love/302.jpg,love
love/303.jpg,love
love/304.jpg,love
love/305.jpg,love
love/306.jpg,love
love/307.jpg,love
love/308.jpg,love
love/309.jpg,love
love/31.jpg,love
love/310.jpg,love
love/311.jpg,love
love/312.jpg,love
love/313.jpg,love
love/314.jpg,love
love/315.jpg,love
love/316.jpg,love
love/317.jpg,love
love/318.jpg,love
love/319.jpg,love
love/32.jpg,love
love/320.jpg,love
love/321.jpg,love
love/322.jpg,love
love/323.jpg,love
love/324.jpg,love
love/325.jpg,love
love/326.jpg,love
love/327.jpg,love
love/328.jpg,love
love/329.jpg,love
love/33.jpg,love
love/330.jpg,love
love/331.jpg,love
love/332.jpg,love
love/333.jpg,love
love/334.jpg,love
love/335.jpg,love
love/336.jpg,love
love/337.jpg,love
love/338.jpg,love
love/339.jpg,love
love/34.jpg,love
love/340.jpg,love
love/341.jpg,love
love/342.jpg,love
love/343.jpg,love
love/344.jpg,love
love/345.jpg,love
love/346.jpg,love
love/347.jpg,love
love/348.jpg,love
love/349.jpg,love
love/35.jpg,love
love/350.jpg,love
love/351.jpg,love
love/352.jpg,love
love/353.jpg,love
love/354.jpg,love
love/355.jpg,love
love/356.jpg,love
love/357.jpg,love
love/358.jpg,love
love/359.jpg,love
love/36.jpg,love
love/360.jpg,love
love/361.jpg,love
love/362.jpg,love
love/363.jpg,love
love/364.jpg,love
love/365.jpg,love
love/366.jpg,love
love/367.jpg,love
love/368.jpg,love
love/369.jpg,love
love/37.jpg,love
love/370.jpg,love
love/371.jpg,love
love/372.jpg,love
love/373.jpg,love
love/374.jpg,love
love/375.jpg,love
love/376.jpg,love
love/377.jpg,love
love/378.jpg,love
love/379.jpg,love
love/38.jpg,love
love/380.jpg,love
love/381.jpg,love
love/382.jpg,love
love/383.jpg,love
love/384.jpg,love
love/385.jpg,love
love/386.jpg,love
love/387.jpg,love
love/388.jpg,love
love/389.jpg,love
love/39.jpg,love
love/390.jpg,love
love/391.jpg,love
love/392.jpg,love
love/393.jpg,love
love/394.jpg,love
love/395.jpg,love
love/396.jpg,love
love/397.jpg,love
love/398.jpg,love
love/399.jpg,love
love/4.jpg,love
love/40.jpg,love
love/400.jpg,love
love/401.jpg,love
love/402.jpg,love
love/403.jpg,love
love/404.jpg,love
love/405.jpg,love
love/406.jpg,love
love/407.jpg,love
love/408.jpg,love
love/409.jpg,love
love/41.jpg,love
love/410.jpg,love
love/411.jpg,love
love/412.jpg,love
love/413.jpg,love
love/414.jpg,love
love/415.jpg,love
love/416.jpg,love
love/417.jpg,love
love/418.jpg,love
love/419.jpg,love
love/42.jpg,love
love/420.jpg,love
love/421.jpg,love
love/422.jpg,love
love/423.jpg,love
love/424.jpg,love
love/425.jpg,love
love/426.jpg,love
love/427.jpg,love
love/428.jpg,love
love/429.jpg,love
love/43.jpg,love
love/430.jpg,love
love/431.jpg,love
love/432.jpg,love
love/433.jpg,love
love/434.jpg,love
love/435.jpg,love
love/436.jpg,love
love/437.jpg,love
love/438.jpg,love
love/439.jpg,love
love/44.jpg,love
love/440.jpg,love
love/441.jpg,love
love/442.jpg,love
love/443.jpg,love
love/444.jpg,love
love/445.jpg,love
love/446.jpg,love
love/447.jpg,love
love/448.jpg,love
love/449.jpg,love
love/45.jpg,love
love/450.jpg,love
love/451.jpg,love
love/452.jpg,love
love/453.jpg,love
love/454.jpg,love
love/455.jpg,love
love/456.jpg,love
love/457.jpg,love
love/458.jpg,love
love/459.jpg,love
love/46.jpg,love
love/460.jpg,love
love/461.jpg,love
love/462.jpg,love
love/463.jpg,love
love/464.jpg,love
love/465.jpg,love
love/466.jpg,love
love/467.jpg,love
love/468.jpg,love
love/469.jpg,love
love/47.jpg,love
love/470.jpg,love
love/471.jpg,love
love/472.jpg,love
love/473.jpg,love
love/474.jpg,love
love/48.jpg,love
love/49.jpg,love
love/5.jpg,love
love/50.jpg,love
love/51.jpg,love
love/52.jpg,love
love/53.jpg,love
love/54.jpg,love
love/55.jpg,love
love/56.jpg,love
love/57.jpg,love
love/58.jpg,love
love/59.jpg,love
love/6.jpg,love
love/60.jpg,love
love/61.jpg,love
love/62.jpg,love
love/63.jpg,love
love/64.jpg,love
love/65.jpg,love
love/66.jpg,love
love/67.jpg,love
love/68.jpg,love
love/69.jpg,love
love/7.jpg,love
love/70.jpg,love
love/71.jpg,love
love/72.jpg,love
love/73.jpg,love
love/74.jpg,love
love/75.jpg,love
love/76.jpg,love
love/77.jpg,love
love/78.jpg,love
love/79.jpg,love
love/8.jpg,love
love/80.jpg,love
love/81.jpg,love
love/82.jpg,love
love/83.jpg,love
love/84.jpg,love
love/85.jpg,love
love/86.jpg,love
love/87.jpg,love
love/88.jpg,love
love/89.jpg,love
love/9.jpg,love
love/90.jpg,love
love/91.jpg,love
love/92.jpg,love
love/93.jpg,love
love/94.jpg,love
love/95.jpg,love
love/96.jpg,love
love/97.jpg,love
love/98.jpg,love
love/99.jpg,love
sad/0.jpg,sad
sad/1.jpg,sad
sad/10.jpg,sad
sad/100.jpg,sad
sad/101.jpg,sad
sad/102.jpg,sad
sad/103.jpg,sad
sad/104.jpg,sad
sad/105.jpg,sad
sad/106.jpg,sad
sad/107.jpg,sad
sad/108.jpg,sad
sad/109.jpg,sad
sad/11.jpg,sad
sad/110.jpg,sad
sad/111.jpg,sad
sad/112.jpg,sad
sad/113.jpg,sad
sad/114.jpg,sad
sad/115.jpg,sad
sad/116.jpg,sad
sad/117.jpg,sad
sad/118.jpg,sad
sad/119.jpg,sad
sad/12.jpg,sad
sad/120.jpg,sad
sad/121.jpg,sad
sad/122.jpg,sad
sad/123.jpg,sad
sad/124.jpg,sad
sad/125.jpg,sad
sad/126.jpg,sad
sad/127.jpg,sad
sad/128.jpg,sad
sad/129.jpg,sad
sad/13.jpg,sad
sad/130.jpg,sad
sad/131.jpg,sad
sad/132.jpg,sad
sad/133.jpg,sad
sad/134.jpg,sad
sad/135.jpg,sad
sad/136.jpg,sad
sad/137.jpg,sad
sad/138.jpg,sad
sad/139.jpg,sad
sad/14.jpg,sad
sad/140.jpg,sad
sad/141.jpg,sad
sad/142.jpg,sad
sad/143.jpg,sad
sad/144.jpg,sad
sad/145.jpg,sad
sad/146.jpg,sad
sad/147.jpg,sad
sad/148.jpg,sad
sad/149.jpg,sad
sad/15.jpg,sad
sad/150.jpg,sad
sad/151.jpg,sad
sad/152.jpg,sad
sad/153.jpg,sad
sad/154.jpg,sad
sad/155.jpg,sad
sad/156.jpg,sad
sad/157.jpg,sad
sad/158.jpg,sad
sad/159.jpg,sad
sad/16.jpg,sad
sad/160.jpg,sad
sad/161.jpg,sad
sad/162.jpg,sad
sad/163.jpg,sad
sad/164.jpg,sad
sad/165.jpg,sad
sad/166.jpg,sad
sad/167.jpg,sad
sad/168.jpg,sad
sad/169.jpg,sad
sad/17.jpg,sad
sad/170.jpg,sad
sad/171.jpg,sad
sad/172.jpg,sad
sad/173.jpg,sad
sad/174.jpg,sad
sad/175.jpg,sad
sad/176.jpg,sad
sad/177.jpg,sad
sad/178.jpg,sad
sad/179.jpg,sad
sad/18.jpg,sad
sad/180.jpg,sad
sad/181.jpg,sad
sad/182.jpg,sad
sad/183.jpg,sad
sad/184.jpg,sad
sad/185.jpg,sad
sad/186.jpg,sad
sad/187.jpg,sad
sad/188.jpg,sad
sad/189.jpg,sad
sad/19.jpg,sad
sad/190.jpg,sad
sad/191.jpg,sad
sad/192.jpg,sad
sad/193.jpg,sad
sad/194.jpg,sad
sad/195.jpg,sad
sad/196.jpg,sad
sad/197.jpg,sad
sad/198.jpg,sad
sad/199.jpg,sad
sad/2.jpg,sad
sad/20.jpg,sad
sad/200.jpg,sad
sad/201.jpg,sad
sad/202.jpg,sad
sad/203.jpg,sad
sad/204.jpg,sad
sad/205.jpg,sad
sad/206.jpg,sad
sad/207.jpg,sad
sad/208.jpg,sad
sad/209.jpg,sad
sad/21.jpg,sad
sad/210.jpg,sad
sad/211.jpg,sad
sad/212.jpg,sad
sad/213.jpg,sad
sad/214.jpg,sad
sad/215.jpg,sad
sad/216.jpg,sad
sad/217.jpg,sad
sad/218.jpg,sad
sad/219.jpg,sad
sad/22.jpg,sad
sad/220.jpg,sad
sad/221.jpg,sad
sad/222.jpg,sad
sad/223.jpg,sad
sad/224.jpg,sad
sad/225.jpg,sad
sad/226.jpg,sad
sad/227.jpg,sad
sad/228.jpg,sad
sad/229.jpg,sad
sad/23.jpg,sad
sad/230.jpg,sad
sad/231.jpg,sad
sad/232.jpg,sad
sad/233.jpg,sad
sad/234.jpg,sad
sad/235.jpg,sad
sad/236.jpg,sad
sad/237.jpg,sad
sad/238.jpg,sad
sad/239.jpg,sad
sad/24.jpg,sad
sad/240.jpg,sad
sad/241.jpg,sad
sad/242.jpg,sad
sad/243.jpg,sad
sad/244.jpg,sad
sad/245.jpg,sad
sad/246.jpg,sad
sad/247.jpg,sad
sad/248.jpg,sad
sad/249.jpg,sad
sad/25.jpg,sad
sad/250.jpg,sad
sad/251.jpg,sad
sad/252.jpg,sad
sad/253.jpg,sad
sad/254.jpg,sad
sad/255.jpg,sad
sad/256.jpg,sad
sad/257.jpg,sad
sad/258.jpg,sad
sad/259.jpg,sad
sad/26.jpg,sad
sad/260.jpg,sad
sad/261.jpg,sad
sad/262.jpg,sad
sad/263.jpg,sad
sad/264.jpg,sad
sad/265.jpg,sad
sad/266.jpg,sad
sad/267.jpg,sad
sad/268.jpg,sad
sad/269.jpg,sad
sad/27.jpg,sad
sad/270.jpg,sad
sad/271.jpg,sad
sad/272.jpg,sad
sad/273.jpg,sad
sad/274.jpg,sad
sad/275.jpg,sad
sad/276.jpg,sad
sad/277.jpg,sad
sad/278.jpg,sad
sad/279.jpg,sad
sad/28.jpg,sad
sad/280.jpg,sad
sad/281.jpg,sad
sad/282.jpg,sad
sad/283.jpg,sad
sad/284.jpg,sad
sad/285.jpg,sad
sad/286.jpg,sad
sad/287.jpg,sad
sad/288.jpg,sad
sad/289.jpg,sad
sad/29.jpg,sad
sad/290.jpg,sad
sad/291.jpg,sad
sad/292.jpg,sad
sad/293.jpg,sad
sad/294.jpg,sad
sad/295.jpg,sad
sad/296.jpg,sad
sad/297.jpg,sad
sad/298.jpg,sad
sad/299.jpg,sad
sad/3.jpg,sad
sad/30.jpg,sad
sad/300.jpg,sad
sad/301.jpg,sad
sad/302.jpg,sad
sad/303.jpg,sad
sad/304.jpg,sad
sad/305.jpg,sad
sad/306.jpg,sad
sad/307.jpg,sad
sad/308.jpg,sad
sad/309.jpg,sad
sad/31.jpg,sad
sad/310.jpg,sad
sad/311.jpg,sad
sad/312.jpg,sad
sad/313.jpg,sad
sad/314.jpg,sad
sad/315.jpg,sad
sad/316.jpg,sad
sad/317.jpg,sad
sad/318.jpg,sad
sad/319.jpg,sad
sad/32.jpg,sad
sad/320.jpg,sad
sad/321.jpg,sad
sad/322.jpg,sad
sad/323.jpg,sad
sad/324.jpg,sad
sad/325.jpg,sad
sad/326.jpg,sad
sad/327.jpg,sad
sad/328.jpg,sad
sad/329.jpg,sad
sad/33.jpg,sad
sad/330.jpg,sad
sad/331.jpg,sad
sad/332.jpg,sad
sad/333.jpg,sad
sad/334.jpg,sad
sad/335.jpg,sad
sad/336.jpg,sad
sad/337.jpg,sad
sad/338.jpg,sad
sad/339.jpg,sad
sad/34.jpg,sad
sad/340.jpg,sad
sad/341.jpg,sad
sad/342.jpg,sad
sad/343.jpg,sad
sad/344.jpg,sad
sad/345.jpg,sad
sad/346.jpg,sad
sad/347.jpg,sad
sad/348.jpg,sad
sad/349.jpg,sad
sad/35.jpg,sad
sad/350.jpg,sad
sad/351.jpg,sad
sad/352.jpg,sad
sad/353.jpg,sad
sad/354.jpg,sad
sad/355.jpg,sad
sad/356.jpg,sad
sad/357.jpg,sad
sad/358.jpg,sad
sad/359.jpg,sad
sad/36.jpg,sad
sad/360.jpg,sad
sad/361.jpg,sad
sad/362.jpg,sad
sad/363.jpg,sad
sad/364.jpg,sad
sad/365.jpg,sad
sad/366.jpg,sad
sad/367.jpg,sad
sad/368.jpg,sad
sad/369.jpg,sad
sad/37.jpg,sad
sad/370.jpg,sad
sad/371.jpg,sad
sad/372.jpg,sad
sad/373.jpg,sad
sad/374.jpg,sad
sad/375.jpg,sad
sad/376.jpg,sad
sad/377.jpg,sad
sad/378.jpg,sad
sad/379.jpg,sad
sad/38.jpg,sad
sad/380.jpg,sad
sad/381.jpg,sad
sad/382.jpg,sad
sad/383.jpg,sad
sad/384.jpg,sad
sad/385.jpg,sad
sad/386.jpg,sad
sad/387.jpg,sad
sad/388.jpg,sad
sad/389.jpg,sad
sad/39.jpg,sad
sad/390.jpg,sad
sad/391.jpg,sad
sad/392.jpg,sad
sad/393.jpg,sad
sad/394.jpg,sad
sad/395.jpg,sad
sad/396.jpg,sad
sad/397.jpg,sad
sad/398.jpg,sad
sad/399.jpg,sad
sad/4.jpg,sad
sad/40.jpg,sad
sad/400.jpg,sad
sad/401.jpg,sad
sad/402.jpg,sad
sad/403.jpg,sad
sad/404.jpg,sad
sad/405.jpg,sad
sad/406.jpg,sad
sad/407.jpg,sad
sad/408.jpg,sad
sad/409.jpg,sad
sad/41.jpg,sad
sad/410.jpg,sad
sad/411.jpg,sad
sad/412.jpg,sad
sad/413.jpg,sad
sad/414.jpg,sad
sad/415.jpg,sad
sad/416.jpg,sad
sad/417.jpg,sad
sad/418.jpg,sad
sad/419.jpg,sad
sad/42.jpg,sad
sad/420.jpg,sad
sad/421.jpg,sad
sad/422.jpg,sad
sad/423.jpg,sad
sad/424.jpg,sad
sad/425.jpg,sad
sad/426.jpg,sad
sad/427.jpg,sad
sad/428.jpg,sad
sad/429.jpg,sad
sad/43.jpg,sad
sad/430.jpg,sad
sad/431.jpg,sad
sad/432.jpg,sad
sad/433.jpg,sad
sad/434.jpg,sad
sad/435.jpg,sad
sad/436.jpg,sad
sad/437.jpg,sad
sad/438.jpg,sad
sad/439.jpg,sad
sad/44.jpg,sad
sad/440.jpg,sad
sad/441.jpg,sad
sad/442.jpg,sad
sad/45.jpg,sad
sad/46.jpg,sad
sad/47.jpg,sad
sad/48.jpg,sad
sad/49.jpg,sad
sad/5.jpg,sad
sad/50.jpg,sad
sad/51.jpg,sad
sad/52.jpg,sad
sad/53.jpg,sad
sad/54.jpg,sad
sad/55.jpg,sad
sad/56.jpg,sad
sad/57.jpg,sad
sad/58.jpg,sad
sad/59.jpg,sad
sad/6.jpg,sad
sad/60.jpg,sad
sad/61.jpg,sad
sad/62.jpg,sad
sad/63.jpg,sad
sad/64.jpg,sad
sad/65.jpg,sad
sad/66.jpg,sad
sad/67.jpg,sad
sad/68.jpg,sad
sad/69.jpg,sad
sad/7.jpg,sad
sad/70.jpg,sad
sad/71.jpg,sad
sad/72.jpg,sad
sad/73.jpg,sad
sad/74.jpg,sad
sad/75.jpg,sad
sad/76.jpg,sad
sad/77.jpg,sad
sad/78.jpg,sad
sad/79.jpg,sad
sad/8.jpg,sad
sad/80.jpg,sad
sad/81.jpg,sad
sad/82.jpg,sad
sad/83.jpg,sad
sad/84.jpg,sad
sad/85.jpg,sad
sad/86.jpg,sad
sad/87.jpg,sad
sad/88.jpg,sad
sad/89.jpg,sad
sad/9.jpg,sad
sad/90.jpg,sad
sad/91.jpg,sad
sad/92.jpg,sad
sad/93.jpg,sad
sad/94.jpg,sad
sad/95.jpg,sad
sad/96.jpg,sad
sad/97.jpg,sad
sad/98.jpg,sad
sad/99.jpg,sad
